{"loss": [0.32840144634246826, 0.20153440535068512, 0.14517422020435333, 0.1166033148765564, 0.09743636846542358, 0.0853310078382492, 0.07517965883016586, 0.06751878559589386, 0.06182824447751045, 0.057044900953769684, 0.051811691373586655, 0.04922282323241234, 0.04714309796690941, 0.04353693127632141, 0.04198427125811577, 0.03921442851424217, 0.03841114044189453, 0.0363607183098793, 0.035681404173374176, 0.03407883271574974, 0.03313764929771423, 0.031543027609586716, 0.03135228157043457, 0.030047167092561722, 0.028845548629760742, 0.029587851837277412, 0.027611827477812767, 0.02729518711566925, 0.02584492787718773, 0.026003718376159668, 0.025127923116087914, 0.024370718747377396, 0.023427419364452362, 0.024002354592084885, 0.023992612957954407, 0.022835668176412582, 0.022560855373740196, 0.02250051684677601, 0.021686049178242683, 0.02203577198088169, 0.021327489987015724, 0.020815102383494377, 0.020170532166957855, 0.02025875449180603, 0.019687291234731674], "acc": [0.03360467404127121, 0.24311208724975586, 0.4448966681957245, 0.5532509088516235, 0.629278838634491, 0.6719369888305664, 0.710342288017273, 0.7435556054115295, 0.763306200504303, 0.780969500541687, 0.801085352897644, 0.81381756067276, 0.8236276507377625, 0.8367772698402405, 0.8468221426010132, 0.8524316549301147, 0.861354649066925, 0.8676163554191589, 0.8677468299865723, 0.879278838634491, 0.8829054236412048, 0.8844187259674072, 0.8873147368431091, 0.8924806714057922, 0.8955854773521423, 0.8955593705177307, 0.9018211364746094, 0.9007253050804138, 0.9061521887779236, 0.9098309278488159, 0.9117355346679688, 0.9123095273971558, 0.9153099656105042, 0.9146316051483154, 0.9167971014976501, 0.9183886647224426, 0.9210237860679626, 0.9233719706535339, 0.9233719706535339, 0.9241807460784912, 0.926007091999054, 0.9285639524459839, 0.9279116988182068, 0.9268680810928345, 0.9308860301971436], "val_loss": [0.1084812805056572, 0.05155501514673233, 0.04301760718226433, 0.02959662303328514, 0.022664958611130714, 0.018498418852686882, 0.017259506508708, 0.014481940306723118, 0.013542626984417439, 0.01212396938353777, 0.010208919644355774, 0.07687242329120636, 0.009407618083059788, 0.009698408655822277, 0.010193875059485435, 0.007693357765674591, 0.007935932837426662, 0.007874668575823307, 0.007193724159151316, 0.006895763333886862, 0.006221537943929434, 0.007367458660155535, 0.006478333845734596, 0.00602185633033514, 0.006613685749471188, 0.005744767840951681, 0.005852213129401207, 0.006421629339456558, 0.005866400431841612, 0.010641509667038918, 0.006790916435420513, 0.005748942028731108, 0.011563419364392757, 0.006170397158712149, 0.005309794098138809, 0.0074103525839746, 0.01637057214975357, 0.14101789891719818, 0.13834770023822784, 0.007557327393442392, 0.09179720282554626, 0.006681712809950113, 0.14601589739322662, 0.2182222455739975, 0.005670755170285702], "val_acc": [0.22319872677326202, 0.5254156589508057, 0.5577197074890137, 0.7466350197792053, 0.8338875770568848, 0.8548693656921387, 0.8724465370178223, 0.8898653984069824, 0.8996832966804504, 0.9099762439727783, 0.9286619424819946, 0.5636579394340515, 0.9340459108352661, 0.9273951053619385, 0.9262866377830505, 0.9464766383171082, 0.9415677189826965, 0.943467915058136, 0.9458432197570801, 0.948693573474884, 0.9553444385528564, 0.9418052434921265, 0.9517022967338562, 0.9553444385528564, 0.9498812556266785, 0.9579572677612305, 0.957878053188324, 0.9545526504516602, 0.9586698412895203, 0.9187648296356201, 0.9499604105949402, 0.956769585609436, 0.9147268533706665, 0.9543151259422302, 0.9610451459884644, 0.9462391138076782, 0.8691211342811584, 0.41987332701683044, 0.4306413233280182, 0.9454473257064819, 0.49802058935165405, 0.9485352039337158, 0.43903404474258423, 0.4009501039981842, 0.9589073657989502]}