{"loss": [0.2856611907482147, 0.15834316611289978, 0.11688203364610672, 0.09482087939977646, 0.08046752959489822, 0.0715494304895401, 0.06293711811304092, 0.05787012353539467, 0.05187676474452019, 0.047853175550699234, 0.045287713408470154, 0.04102986305952072, 0.03917656093835831, 0.03765356168150902, 0.03499221429228783, 0.03482002019882202, 0.033947356045246124, 0.03267626836895943, 0.030007250607013702, 0.03005058504641056, 0.029569491744041443, 0.029073458164930344, 0.02755509316921234, 0.026976753026247025, 0.02676030993461609, 0.02651059813797474, 0.025769991800189018, 0.02552228793501854, 0.025801340118050575, 0.024905452504754066, 0.024826722219586372, 0.023589054122567177, 0.023886321112513542, 0.022845609113574028, 0.022856716066598892, 0.02322736196219921, 0.023523392155766487, 0.023249099031090736, 0.02263350784778595, 0.02295892871916294, 0.020949358120560646, 0.02216513082385063, 0.02076222561299801, 0.020779244601726532, 0.021243829280138016, 0.02039901353418827], "acc": [0.14034126698970795, 0.4212585985660553, 0.5652786493301392, 0.6509079337120056, 0.7056981921195984, 0.7401899099349976, 0.7722030878067017, 0.7952150106430054, 0.8166353702545166, 0.8343247771263123, 0.8445522785186768, 0.8592413067817688, 0.8657639026641846, 0.8699384331703186, 0.879278838634491, 0.8807660341262817, 0.8860102295875549, 0.8879409432411194, 0.8991076946258545, 0.8991338014602661, 0.9020298719406128, 0.9040388464927673, 0.9048998355865479, 0.9093874096870422, 0.9100396633148193, 0.9118921160697937, 0.9113702774047852, 0.9159883260726929, 0.9152838587760925, 0.9185190796852112, 0.9174233078956604, 0.920580267906189, 0.9232414960861206, 0.9242068529129028, 0.9239720106124878, 0.9254330992698669, 0.9235023856163025, 0.9238937497138977, 0.9271289706230164, 0.9274159669876099, 0.9297902584075928, 0.9287465810775757, 0.9311469197273254, 0.9322166442871094, 0.9305468797683716, 0.933964729309082], "val_loss": [0.05711102485656738, 0.034979198127985, 0.02410782314836979, 0.02101776748895645, 0.0200494434684515, 0.013794553466141224, 0.01417009998112917, 0.012892056256532669, 0.014447682537138462, 0.008668710477650166, 0.009615936316549778, 0.008011722937226295, 0.007892987690865993, 0.009193522855639458, 0.008333466947078705, 0.00911208800971508, 0.009407185018062592, 0.007069028913974762, 0.007817374542355537, 0.006330769509077072, 0.00705743720754981, 0.0060021053068339825, 0.01244318950921297, 0.006614453159272671, 0.006110301241278648, 0.006907806731760502, 0.006958186626434326, 0.007601527031511068, 0.006625699810683727, 0.0065620881505310535, 0.006823785603046417, 0.005868498235940933, 0.00583352567628026, 0.00628287810832262, 0.00579506391659379, 0.005479368381202221, 0.006640208885073662, 0.007959502749145031, 0.007503400556743145, 0.006538496818393469, 0.005565525498241186, 0.006256507243961096, 0.0060232095420360565, 0.005494067911058664, 0.006163872312754393, 0.006345465313643217], "val_acc": [0.4935866892337799, 0.690182089805603, 0.8243072032928467, 0.8316706418991089, 0.8347585201263428, 0.9021377563476562, 0.8872525691986084, 0.9052256345748901, 0.8802058696746826, 0.9367379546165466, 0.9296911954879761, 0.9398258328437805, 0.9437846541404724, 0.9324623942375183, 0.9422011375427246, 0.9304829835891724, 0.9281076788902283, 0.9482185244560242, 0.9418052434921265, 0.9542359709739685, 0.948931097984314, 0.9566112160682678, 0.9157561659812927, 0.9510688781738281, 0.9563736915588379, 0.949802041053772, 0.9511480331420898, 0.9505146741867065, 0.9534441828727722, 0.9554235935211182, 0.9519398212432861, 0.9566904306411743, 0.962232768535614, 0.9555027484893799, 0.958748996257782, 0.960490882396698, 0.9508313536643982, 0.9429928660392761, 0.9475059509277344, 0.9548693299293518, 0.9604117274284363, 0.9513856172561646, 0.9589073657989502, 0.9600949883460999, 0.956769585609436, 0.9599366784095764]}