{"loss": [0.30118033289909363, 0.30587708950042725, 0.19651059806346893, 0.17037513852119446, 0.16038723289966583, 0.1540898084640503, 0.15180568397045135, 0.1513395458459854, 0.1507387012243271, 0.1490364968776703, 0.1499173939228058, 0.14968325197696686, 0.14989261329174042, 0.15048107504844666, 0.14948318898677826, 0.1501699835062027, 0.1497967690229416, 0.15021087229251862, 0.14915192127227783, 0.1498936116695404, 0.14963944256305695, 0.1496829390525818, 0.15007221698760986, 0.15001067519187927, 0.15036550164222717, 0.14941586554050446, 0.2914503812789917, 0.1852259635925293, 0.15783672034740448, 0.145363911986351, 0.14007440209388733, 0.13661442697048187, 0.13610270619392395, 0.13439665734767914, 0.13471463322639465, 0.13417589664459229, 0.13341568410396576, 0.13419491052627563, 0.1341714859008789, 0.13516059517860413, 0.13404345512390137, 0.13406211137771606, 0.1337553709745407, 0.13403478264808655, 0.13435499370098114, 0.13423259556293488, 0.13317814469337463, 0.13489143550395966, 0.13376355171203613, 0.1342119425535202, 0.13327568769454956, 0.13359235227108002, 0.13354653120040894, 0.1337343007326126, 0.1330970972776413, 0.13442018628120422, 0.13395869731903076, 0.13418644666671753, 0.13416323065757751, 0.13397876918315887, 0.13396267592906952], "acc": [0.10637132078409195, 0.1019098311662674, 0.29351910948753357, 0.37335628271102905, 0.40364745259284973, 0.42170214653015137, 0.42984241247177124, 0.4326080083847046, 0.4345909059047699, 0.4385566711425781, 0.43680858612060547, 0.43785223364830017, 0.4392089247703552, 0.43886974453926086, 0.4385305643081665, 0.4371216893196106, 0.43866103887557983, 0.4378783106803894, 0.440904825925827, 0.44327905774116516, 0.43774786591529846, 0.438243567943573, 0.4359997808933258, 0.4372260570526123, 0.43858274817466736, 0.44150489568710327, 0.12163431197404861, 0.3304111957550049, 0.42347630858421326, 0.46890002489089966, 0.4884418845176697, 0.5031569600105286, 0.503365695476532, 0.5074357986450195, 0.5077750086784363, 0.5112189650535583, 0.5143237113952637, 0.5088968873023987, 0.5097839832305908, 0.5102536082267761, 0.5139323472976685, 0.5093926191329956, 0.5096274018287659, 0.5131235718727112, 0.5115320682525635, 0.5115581154823303, 0.5136193037033081, 0.5102797150611877, 0.5118973255157471, 0.5094969868659973, 0.5140628218650818, 0.5096274018287659, 0.5115320682525635, 0.5149760246276855, 0.5132540464401245, 0.5104623436927795, 0.5107753872871399, 0.5118712186813354, 0.5098883509635925, 0.5115842223167419, 0.5116885900497437], "val_loss": [0.07188602536916733, 0.06726758927106857, 0.04952499270439148, 0.044569600373506546, 0.04164400324225426, 0.03988739475607872, 0.039477623999118805, 0.038982976227998734, 0.039192769676446915, 0.039084672927856445, 0.038975585252046585, 0.03894072771072388, 0.0389351025223732, 0.03894367814064026, 0.03893531858921051, 0.038908760994672775, 0.03893500566482544, 0.03893362358212471, 0.03892853111028671, 0.03892788663506508, 0.038992054760456085, 0.03897683694958687, 0.038930293172597885, 0.03896046429872513, 0.038941092789173126, 0.03893892839550972, 0.06421540677547455, 0.044134415686130524, 0.039007220417261124, 0.03558088093996048, 0.035261958837509155, 0.03425414860248566, 0.03374391049146652, 0.03365565091371536, 0.03364582732319832, 0.03358570486307144, 0.03356213867664337, 0.03354096785187721, 0.03356324881315231, 0.033529601991176605, 0.03353484719991684, 0.033540837466716766, 0.03353703394532204, 0.03353619575500488, 0.033546868711709976, 0.03350755572319031, 0.03352766111493111, 0.033520009368658066, 0.03352510184049606, 0.03350509703159332, 0.03350012004375458, 0.03352696821093559, 0.03353768214583397, 0.03354645520448685, 0.03354334086179733, 0.033546894788742065, 0.033545881509780884, 0.033541470766067505, 0.033528342843055725, 0.03355386108160019, 0.03354640677571297], "val_acc": [0.37561362981796265, 0.4026128351688385, 0.5450514554977417, 0.6011876463890076, 0.6414093375205994, 0.666824996471405, 0.6719714999198914, 0.6772763133049011, 0.6715756058692932, 0.6759303212165833, 0.6772763133049011, 0.6780681014060974, 0.6781472563743591, 0.6780681014060974, 0.6783847808837891, 0.6787015199661255, 0.6773555278778076, 0.6776722073554993, 0.6778305768966675, 0.677513837814331, 0.6764053702354431, 0.6765637397766113, 0.677751362323761, 0.6771179437637329, 0.677513837814331, 0.6771179437637329, 0.47751384973526, 0.6912114024162292, 0.6992874145507812, 0.7373713254928589, 0.7300079464912415, 0.7430720329284668, 0.7465558052062988, 0.7452889680862427, 0.7462391257286072, 0.7462391257286072, 0.746714174747467, 0.7465558052062988, 0.7461599111557007, 0.746951699256897, 0.7465558052062988, 0.7462391257286072, 0.7463974952697754, 0.7464766502380371, 0.7466350197792053, 0.746080756187439, 0.7460016012191772, 0.746714174747467, 0.7466350197792053, 0.7473475933074951, 0.7471100687980652, 0.7461599111557007, 0.7462391257286072, 0.7460016012191772, 0.746080756187439, 0.7461599111557007, 0.7464766502380371, 0.746951699256897, 0.746080756187439, 0.7463974952697754, 0.7465558052062988]}