{"loss": [0.3048982620239258, 0.1756160408258438, 0.13022050261497498, 0.10374951362609863, 0.08724266290664673, 0.07702764868736267, 0.06873082369565964, 0.06110310181975365, 0.056572750210762024, 0.05430328845977783, 0.05004410445690155, 0.048102062195539474, 0.04579529911279678, 0.04352331906557083, 0.041315093636512756, 0.04116912931203842, 0.03847380727529526, 0.03839963302016258, 0.03818126022815704, 0.03633952885866165, 0.03615618497133255, 0.03424302488565445, 0.03466438502073288, 0.03324870020151138, 0.03308653086423874, 0.03329404070973396, 0.03247755020856857, 0.031234508380293846, 0.03044859692454338, 0.030249524861574173, 0.030658703297376633, 0.030464062467217445, 0.029402421787381172, 0.029687870293855667, 0.02929941564798355, 0.02902321331202984, 0.02906082756817341, 0.028758574277162552], "acc": [0.10655395686626434, 0.36717283725738525, 0.5194113850593567, 0.6110415458679199, 0.6660404801368713, 0.7060373425483704, 0.7379200458526611, 0.7693592309951782, 0.7862659096717834, 0.8009288311004639, 0.8175485134124756, 0.8197516798973083, 0.8333072662353516, 0.8413431644439697, 0.8495355844497681, 0.8507618308067322, 0.8596065640449524, 0.8614329099655151, 0.8628939390182495, 0.8694949150085449, 0.8725735545158386, 0.8777394890785217, 0.8781308531761169, 0.8805050849914551, 0.884027361869812, 0.8840534090995789, 0.8843926191329956, 0.8877061009407043, 0.892089307308197, 0.89151531457901, 0.8927676677703857, 0.8928981423377991, 0.897750973701477, 0.8964464664459229, 0.9003600478172302, 0.8959507346153259, 0.9005165696144104, 0.9025777578353882], "val_loss": [0.06288686394691467, 0.039400529116392136, 0.028373101726174355, 0.024557575583457947, 0.01909608393907547, 0.016667025163769722, 0.01426214724779129, 0.013407934457063675, 0.01684834621846676, 0.010225662030279636, 0.009661698713898659, 0.009576135315001011, 0.01001092791557312, 0.008003678172826767, 0.008523753844201565, 0.0083492835983634, 0.007751388940960169, 0.008923624642193317, 0.007424020208418369, 0.006964474450796843, 0.007457094732671976, 0.006420827936381102, 0.007349193561822176, 0.008161152713000774, 0.006764712277799845, 0.006537789013236761, 0.007951167412102222, 0.005714804399758577, 0.007727775722742081, 0.0064865038730204105, 0.006692215334624052, 0.007468002382665873, 0.00627089012414217, 0.013491778634488583, 0.00761986430734396, 0.006985172629356384, 0.0075665186159312725, 0.005996496882289648], "val_acc": [0.47775137424468994, 0.6543151140213013, 0.7863024473190308, 0.802612841129303, 0.8592240810394287, 0.8715755939483643, 0.8924782276153564, 0.9042755365371704, 0.8699129223823547, 0.924703061580658, 0.9279493093490601, 0.9239904880523682, 0.9188440442085266, 0.9382422566413879, 0.935391902923584, 0.9361836910247803, 0.9372130036354065, 0.9293745160102844, 0.9444180727005005, 0.9433887600898743, 0.9424386620521545, 0.9497228860855103, 0.9422802925109863, 0.9375296831130981, 0.944338858127594, 0.9490103125572205, 0.9384006261825562, 0.9537608623504639, 0.9401425123214722, 0.9479018449783325, 0.94608074426651, 0.9395090937614441, 0.9513856172561646, 0.9017418622970581, 0.9384006261825562, 0.9456056952476501, 0.9435471296310425, 0.954156756401062]}