{"loss": [0.2969306409358978, 0.18933726847171783, 0.1445213109254837, 0.11905563622713089, 0.10204044729471207, 0.08855269104242325, 0.07936868071556091, 0.0726664736866951, 0.06553579866886139, 0.06355492025613785, 0.0593135841190815, 0.05683185160160065, 0.052671167999506, 0.05034520849585533, 0.04827941581606865, 0.046782318502664566, 0.04619497060775757, 0.045341577380895615, 0.0434916652739048, 0.04172131046652794, 0.04110964760184288, 0.04092440754175186, 0.040272876620292664, 0.03945300355553627, 0.038232412189245224, 0.037384409457445145, 0.03765193372964859, 0.037151508033275604, 0.0357690267264843, 0.03523939102888107, 0.03453962504863739, 0.03487342596054077, 0.03428468853235245, 0.033205319195985794, 0.0338452123105526, 0.0327402725815773, 0.03297605738043785, 0.03210017830133438, 0.032687414437532425, 0.03225380927324295, 0.03202929347753525, 0.03164203092455864, 0.030317800119519234, 0.031140513718128204, 0.02992060035467148, 0.030598586425185204, 0.0301528163254261, 0.0296173132956028, 0.02943466231226921, 0.029840286821126938, 0.029776304960250854, 0.029276594519615173, 0.029659831896424294, 0.028662201017141342, 0.029171932488679886, 0.02859937585890293, 0.028930766507983208, 0.027123289182782173, 0.028632469475269318, 0.027629459276795387, 0.027828553691506386, 0.028139660134911537, 0.028049921616911888, 0.027448931708931923], "acc": [0.10214464366436005, 0.30004173517227173, 0.4633166491985321, 0.5461020469665527, 0.6104414463043213, 0.6615007519721985, 0.6951314806938171, 0.7243529558181763, 0.7483041286468506, 0.7577750086784363, 0.7762731909751892, 0.787700891494751, 0.8010331988334656, 0.8105823397636414, 0.8172615170478821, 0.8251930475234985, 0.8288196325302124, 0.8337768912315369, 0.8408735394477844, 0.8465612530708313, 0.8526142835617065, 0.851753294467926, 0.8564757108688354, 0.8555886149406433, 0.8593717217445374, 0.8625808954238892, 0.8674337267875671, 0.8677989840507507, 0.8705906867980957, 0.8758609890937805, 0.875573992729187, 0.8764610886573792, 0.8753652572631836, 0.8820444345474243, 0.8775308132171631, 0.8820183873176575, 0.8808704018592834, 0.884940505027771, 0.882879376411438, 0.8847839832305908, 0.8852275013923645, 0.8866363763809204, 0.8907848000526428, 0.8890367150306702, 0.8890889286994934, 0.891176164150238, 0.8933416604995728, 0.8965247273445129, 0.8959246277809143, 0.8953767418861389, 0.8954811096191406, 0.8976205587387085, 0.8951419591903687, 0.8978031873703003, 0.8985859155654907, 0.8973596096038818, 0.8997077941894531, 0.9010123014450073, 0.8992381691932678, 0.9014036655426025, 0.901116669178009, 0.9005165696144104, 0.8990815877914429, 0.9056042432785034], "val_loss": [0.06994692981243134, 0.043597977608442307, 0.03536920249462128, 0.027055026963353157, 0.02329591102898121, 0.019342683255672455, 0.01767217367887497, 0.016207298263907433, 0.014628089033067226, 0.013910348527133465, 0.0126689737662673, 0.012811868451535702, 0.012203177437186241, 0.010481463745236397, 0.011466172523796558, 0.009395777247846127, 0.009080955758690834, 0.00977538712322712, 0.009426882490515709, 0.009098038077354431, 0.00879654474556446, 0.010490849614143372, 0.008895467966794968, 0.008498473092913628, 0.008946890942752361, 0.008063826709985733, 0.008163989521563053, 0.007974749431014061, 0.008713271468877792, 0.007963997311890125, 0.0072642480954527855, 0.007981335744261742, 0.007413955871015787, 0.007265736814588308, 0.0074157193303108215, 0.007719435729086399, 0.007691698148846626, 0.00761898560449481, 0.008083744905889034, 0.007725758012384176, 0.007219049613922834, 0.008322670124471188, 0.00720694474875927, 0.006867554038763046, 0.0068715657107532024, 0.0072648972272872925, 0.006851436570286751, 0.007028177846223116, 0.007013324648141861, 0.007027044426649809, 0.006540757138282061, 0.0066243489272892475, 0.007243779022246599, 0.006343107670545578, 0.006356858182698488, 0.006640967447310686, 0.006980526261031628, 0.006701976526528597, 0.007037163712084293, 0.006983966566622257, 0.007284628227353096, 0.006759920623153448, 0.007037656381726265, 0.0064859045669436455], "val_acc": [0.37228819727897644, 0.6480602025985718, 0.6878859996795654, 0.7786223292350769, 0.798891544342041, 0.8347585201263428, 0.8680126667022705, 0.8698337078094482, 0.8874109387397766, 0.8961995244026184, 0.9026920199394226, 0.9005542397499084, 0.9083927273750305, 0.9195566177368164, 0.9119556546211243, 0.9265241622924805, 0.9288994669914246, 0.9226444959640503, 0.9257323741912842, 0.9302454590797424, 0.93277907371521, 0.916627049446106, 0.93254154920578, 0.9326999187469482, 0.9321456551551819, 0.9389548897743225, 0.9352335929870605, 0.9350752234458923, 0.9330958127975464, 0.940617561340332, 0.9453681707382202, 0.9410134553909302, 0.9412509799003601, 0.944338858127594, 0.94172602891922, 0.9398258328437805, 0.939746618270874, 0.9413301944732666, 0.9384797811508179, 0.9415677189826965, 0.9448139071464539, 0.9357877969741821, 0.9441013336181641, 0.9477434754371643, 0.9453681707382202, 0.9416468739509583, 0.9470309019088745, 0.9481393694877625, 0.9445763826370239, 0.9451306462287903, 0.9477434754371643, 0.9483768939971924, 0.9437846541404724, 0.9524940848350525, 0.9501187801361084, 0.9472684264183044, 0.9465557932853699, 0.9466350078582764, 0.9441805481910706, 0.9455265402793884, 0.9429928660392761, 0.9450514912605286, 0.945209801197052, 0.9511480331420898]}