{"loss": [0.7321986556053162, 0.253284752368927, 0.213212251663208, 0.18352848291397095, 0.15766073763370514, 0.134658083319664, 0.11566511541604996, 0.10001007467508316, 0.08685304969549179, 0.0761895477771759, 0.0707116574048996, 0.06107589602470398, 0.05449463427066803, 0.0490550771355629, 0.04636136814951897, 0.04160971939563751, 0.04054360091686249, 0.03696156293153763, 0.03579091653227806, 0.033378731459379196, 0.031605858355760574, 0.02990058623254299, 0.029014451429247856, 0.028101185336709023, 0.02678261138498783, 0.02677336148917675, 0.025312302634119987, 0.023797422647476196, 0.022896207869052887, 0.023237964138388634, 0.022045833989977837, 0.02285122126340866, 0.021701015532016754, 0.020259041339159012, 0.021013421937823296, 0.020181573927402496, 0.01909708045423031, 0.01916641741991043, 0.018653595820069313, 0.019759394228458405, 0.01811215467751026], "acc": [0.04132748767733574, 0.12953975796699524, 0.2457733303308487, 0.3598935604095459, 0.4509236216545105, 0.5353527665138245, 0.6025881767272949, 0.6607701778411865, 0.7118033766746521, 0.7582446336746216, 0.776116669178009, 0.8114694356918335, 0.839516818523407, 0.8567104935646057, 0.8707733154296875, 0.8821227550506592, 0.8886975646018982, 0.8973857164382935, 0.9024994969367981, 0.9116051197052002, 0.9183103442192078, 0.9215977787971497, 0.9253287315368652, 0.9269724488258362, 0.9315122365951538, 0.9290857911109924, 0.9325558543205261, 0.9393132925033569, 0.9408265352249146, 0.9395741820335388, 0.9434095025062561, 0.941609263420105, 0.9448966979980469, 0.9491755366325378, 0.946696937084198, 0.9470883011817932, 0.9518106579780579, 0.9519933462142944, 0.9533500075340271, 0.9491494297981262, 0.9555677175521851], "val_loss": [0.10766249150037766, 0.08567521721124649, 0.08031349629163742, 0.05200805142521858, 0.045834098011255264, 0.038510341197252274, 0.03968742489814758, 0.032903943210840225, 0.04368619620800018, 0.022516274824738503, 0.022557783871889114, 0.017510365694761276, 0.01674194633960724, 0.016384588554501534, 0.014585154131054878, 0.013864767737686634, 0.016985900700092316, 0.013264813460409641, 0.016383908689022064, 0.011683273129165173, 0.009314465336501598, 0.01245665829628706, 0.012108215130865574, 0.009488892741501331, 0.012401700019836426, 0.0255679190158844, 0.009082983247935772, 0.01209438219666481, 0.007762233726680279, 0.00860872957855463, 0.006742220371961594, 0.007632410619407892, 0.00777870649471879, 0.008221539668738842, 0.012867715209722519, 0.009834801778197289, 0.013506760820746422, 0.028661485761404037, 0.05397685989737511, 0.11629679054021835, 0.007592102978378534], "val_acc": [0.03673792630434036, 0.2086302489042282, 0.24291369318962097, 0.568962812423706, 0.5933491587638855, 0.6531274914741516, 0.6597782969474792, 0.7167062759399414, 0.5965162515640259, 0.8194774389266968, 0.8168646097183228, 0.8699129223823547, 0.8678542971611023, 0.8717339634895325, 0.8914489150047302, 0.8993666172027588, 0.8730799555778503, 0.9003958702087402, 0.8797308206558228, 0.9135391712188721, 0.9289786219596863, 0.9088677763938904, 0.9152019023895264, 0.9315914511680603, 0.9068883657455444, 0.8225653171539307, 0.9346793293952942, 0.9108471870422363, 0.9429928660392761, 0.9361045360565186, 0.9501979351043701, 0.943230390548706, 0.942596971988678, 0.9385589957237244, 0.906571626663208, 0.9309580326080322, 0.9077593088150024, 0.8009501099586487, 0.6699920892715454, 0.37410926818847656, 0.9442597031593323]}