{"loss": [0.25897905230522156, 0.11458628624677658, 0.06761016696691513, 0.0497564859688282, 0.03894537314772606, 0.03361177071928978, 0.027538498863577843, 0.02611183561384678, 0.023230139166116714, 0.021634066477417946, 0.021159352734684944, 0.018521104007959366, 0.01782381907105446, 0.017020830884575844, 0.017858345061540604, 0.015473423525691032, 0.016473285853862762, 0.01470355037599802, 0.014587566256523132, 0.013928732834756374, 0.013930425979197025, 0.011268745176494122, 0.011542880907654762, 0.01266495417803526, 0.011542126536369324, 0.012815965339541435, 0.01183238159865141, 0.009827001951634884, 0.011407764628529549, 0.011648296378552914, 0.0113153625279665, 0.011324558407068253, 0.009647667407989502, 0.007816496305167675, 0.009282359853386879, 0.008935175836086273, 0.009229693561792374, 0.008815561421215534, 0.00904469657689333, 0.008073948323726654, 0.008986998349428177, 0.00917497556656599, 0.008533264510333538, 0.007080269046127796, 0.007026702631264925, 0.007650286424905062, 0.009015897288918495, 0.007068086415529251, 0.007700929418206215, 0.00760310236364603, 0.008537186309695244, 0.007593359332531691, 0.006611790508031845], "acc": [0.20624609291553497, 0.5644176602363586, 0.7377896308898926, 0.8131653070449829, 0.859971821308136, 0.8849666118621826, 0.905056357383728, 0.913274884223938, 0.9244416356086731, 0.930025041103363, 0.9324253797531128, 0.9394437670707703, 0.9422615170478821, 0.9456272125244141, 0.9424702525138855, 0.9496451616287231, 0.9490450620651245, 0.9525412321090698, 0.9542632102966309, 0.9595596194267273, 0.9578897953033447, 0.9636036157608032, 0.962064266204834, 0.9627165794372559, 0.9628208875656128, 0.9634992480278015, 0.9637340903282166, 0.9696305394172668, 0.9655604362487793, 0.9677520394325256, 0.9688478112220764, 0.9701262712478638, 0.9709089994430542, 0.9738572239875793, 0.971900463104248, 0.9727092385292053, 0.9737268090248108, 0.9733614921569824, 0.97223961353302, 0.9746138453483582, 0.9756835699081421, 0.973152756690979, 0.9756314158439636, 0.9769359230995178, 0.9770663976669312, 0.9756835699081421, 0.9755530953407288, 0.9771968126296997, 0.9771185517311096, 0.978240430355072, 0.9757879376411438, 0.9775620698928833, 0.9791536331176758], "val_loss": [0.10320686548948288, 0.04000977799296379, 0.03376530110836029, 0.0171035323292017, 0.022711971774697304, 0.008544579148292542, 0.013494780287146568, 0.009486333467066288, 0.010926435701549053, 0.012879402376711369, 0.012727472931146622, 0.007200900465250015, 0.014028368517756462, 0.007537262048572302, 0.010334353893995285, 0.0077440463937819, 0.012766365893185139, 0.00654519721865654, 0.0067708841525018215, 0.006978572346270084, 0.006728869862854481, 0.005441579036414623, 0.00630721403285861, 0.011318202130496502, 0.039021000266075134, 0.006069625727832317, 0.005884674843400717, 0.0061100623570382595, 0.01196290273219347, 0.006644462700933218, 0.0289140734821558, 0.005255643278360367, 0.011572599411010742, 0.008657907135784626, 0.005004291422665119, 0.008170529268682003, 0.011246522888541222, 0.006077742204070091, 0.006808895617723465, 0.00547400675714016, 0.007616787683218718, 0.00875360518693924, 0.004504402168095112, 0.007443170994520187, 0.005690150428563356, 0.09012462943792343, 0.008570045232772827, 0.004940096288919449, 0.006151726469397545, 0.008475217036902905, 0.12626901268959045, 0.03728743642568588, 0.0061155762523412704], "val_acc": [0.15748219192028046, 0.6621536016464233, 0.7323831915855408, 0.8606492280960083, 0.8473475575447083, 0.933412492275238, 0.9032462239265442, 0.9368962645530701, 0.925336480140686, 0.9203484058380127, 0.9153602719306946, 0.9481393694877625, 0.921852707862854, 0.9463974833488464, 0.9384797811508179, 0.9528107643127441, 0.9262866377830505, 0.957007110118866, 0.9566112160682678, 0.9549485445022583, 0.957640528678894, 0.9673792719841003, 0.9647664427757263, 0.9395090937614441, 0.8500396013259888, 0.9634204506874084, 0.96421217918396, 0.9604117274284363, 0.9347584843635559, 0.9654790163040161, 0.8407759070396423, 0.9637371301651001, 0.9338083863258362, 0.949564516544342, 0.9686461091041565, 0.9524940848350525, 0.9349168539047241, 0.9651623368263245, 0.9609659314155579, 0.9676167964935303, 0.9533650279045105, 0.9593032598495483, 0.9711005687713623, 0.964845597743988, 0.9673000574111938, 0.7797307968139648, 0.9481393694877625, 0.9726840853691101, 0.965954065322876, 0.957640528678894, 0.53143310546875, 0.9000791907310486, 0.9682502150535583]}